iter	Precision_SumError	Precision_SumWeight	Recall_SumError	Recall_SumWeight	F1_TP	F1_TP+FN	F1_TP+FP	Accuracy_SumError	Accuracy_SumWeight
0	80	119	80	80	80	80	119	80	119
1	80	119	80	80	80	80	119	80	119
2	80	119	80	80	80	80	119	80	119
3	80	119	80	80	80	80	119	80	119
4	80	118	80	80	80	80	118	81	119
5	80	119	80	80	80	80	119	80	119
6	80	119	80	80	80	80	119	80	119
7	80	119	80	80	80	80	119	80	119
8	79	118	79	80	79	80	118	79	119
9	80	119	80	80	80	80	119	80	119
10	79	118	79	80	79	80	118	79	119
11	79	116	79	80	79	80	116	81	119
12	78	112	78	80	78	80	112	83	119
13	79	114	79	80	79	80	114	83	119
14	78	112	78	80	78	80	112	83	119
15	78	112	78	80	78	80	112	83	119
16	78	109	78	80	78	80	109	86	119
17	78	109	78	80	78	80	109	86	119
18	78	109	78	80	78	80	109	86	119
19	77	108	77	80	77	80	108	85	119
20	78	109	78	80	78	80	109	86	119
21	78	108	78	80	78	80	108	87	119
22	78	110	78	80	78	80	110	85	119
23	78	110	78	80	78	80	110	85	119
24	78	110	78	80	78	80	110	85	119
25	78	110	78	80	78	80	110	85	119
26	78	110	78	80	78	80	110	85	119
27	78	110	78	80	78	80	110	85	119
28	78	111	78	80	78	80	111	84	119
29	78	108	78	80	78	80	108	87	119
30	78	110	78	80	78	80	110	85	119
31	78	110	78	80	78	80	110	85	119
32	78	109	78	80	78	80	109	86	119
33	78	108	78	80	78	80	108	87	119
34	78	108	78	80	78	80	108	87	119
35	78	107	78	80	78	80	107	88	119
36	78	107	78	80	78	80	107	88	119
37	78	107	78	80	78	80	107	88	119
38	78	106	78	80	78	80	106	89	119
39	78	106	78	80	78	80	106	89	119
40	78	107	78	80	78	80	107	88	119
41	78	107	78	80	78	80	107	88	119
42	78	106	78	80	78	80	106	89	119
43	79	108	79	80	79	80	108	89	119
44	79	108	79	80	79	80	108	89	119
45	79	108	79	80	79	80	108	89	119
46	79	108	79	80	79	80	108	89	119
47	79	108	79	80	79	80	108	89	119
48	79	108	79	80	79	80	108	89	119
49	79	108	79	80	79	80	108	89	119
50	79	107	79	80	79	80	107	90	119
51	79	106	79	80	79	80	106	91	119
52	79	107	79	80	79	80	107	90	119
53	79	106	79	80	79	80	106	91	119
54	79	107	79	80	79	80	107	90	119
55	79	107	79	80	79	80	107	90	119
56	79	107	79	80	79	80	107	90	119
57	79	106	79	80	79	80	106	91	119
58	79	107	79	80	79	80	107	90	119
59	79	107	79	80	79	80	107	90	119
60	79	106	79	80	79	80	106	91	119
61	79	106	79	80	79	80	106	91	119
62	79	106	79	80	79	80	106	91	119
63	79	106	79	80	79	80	106	91	119
64	79	106	79	80	79	80	106	91	119
65	79	106	79	80	79	80	106	91	119
66	79	106	79	80	79	80	106	91	119
67	79	106	79	80	79	80	106	91	119
68	79	106	79	80	79	80	106	91	119
69	79	106	79	80	79	80	106	91	119
70	79	106	79	80	79	80	106	91	119
71	79	106	79	80	79	80	106	91	119
72	79	106	79	80	79	80	106	91	119
73	79	106	79	80	79	80	106	91	119
74	79	106	79	80	79	80	106	91	119
75	79	106	79	80	79	80	106	91	119
76	79	106	79	80	79	80	106	91	119
77	79	106	79	80	79	80	106	91	119
78	79	106	79	80	79	80	106	91	119
79	79	106	79	80	79	80	106	91	119
80	79	106	79	80	79	80	106	91	119
81	79	106	79	80	79	80	106	91	119
82	79	106	79	80	79	80	106	91	119
83	79	106	79	80	79	80	106	91	119
84	79	106	79	80	79	80	106	91	119
85	79	106	79	80	79	80	106	91	119
86	79	106	79	80	79	80	106	91	119
87	79	106	79	80	79	80	106	91	119
88	78	105	78	80	78	80	105	90	119
89	78	105	78	80	78	80	105	90	119
90	78	105	78	80	78	80	105	90	119
91	78	105	78	80	78	80	105	90	119
92	78	105	78	80	78	80	105	90	119
93	78	105	78	80	78	80	105	90	119
94	78	105	78	80	78	80	105	90	119
95	78	105	78	80	78	80	105	90	119
96	78	105	78	80	78	80	105	90	119
97	78	105	78	80	78	80	105	90	119
98	78	105	78	80	78	80	105	90	119
99	78	105	78	80	78	80	105	90	119
100	78	105	78	80	78	80	105	90	119
101	78	105	78	80	78	80	105	90	119
102	78	105	78	80	78	80	105	90	119
103	78	105	78	80	78	80	105	90	119
104	78	105	78	80	78	80	105	90	119
105	78	105	78	80	78	80	105	90	119
106	78	105	78	80	78	80	105	90	119
107	78	105	78	80	78	80	105	90	119
108	78	105	78	80	78	80	105	90	119
109	78	105	78	80	78	80	105	90	119
110	78	105	78	80	78	80	105	90	119
111	78	105	78	80	78	80	105	90	119
112	78	105	78	80	78	80	105	90	119
113	78	105	78	80	78	80	105	90	119
114	78	105	78	80	78	80	105	90	119
115	78	105	78	80	78	80	105	90	119
116	78	105	78	80	78	80	105	90	119
117	78	105	78	80	78	80	105	90	119
118	78	105	78	80	78	80	105	90	119
119	78	105	78	80	78	80	105	90	119
120	78	105	78	80	78	80	105	90	119
121	78	105	78	80	78	80	105	90	119
122	78	105	78	80	78	80	105	90	119
123	78	105	78	80	78	80	105	90	119
124	78	105	78	80	78	80	105	90	119
125	78	105	78	80	78	80	105	90	119
126	78	105	78	80	78	80	105	90	119
127	78	105	78	80	78	80	105	90	119
128	78	105	78	80	78	80	105	90	119
129	78	105	78	80	78	80	105	90	119
130	78	105	78	80	78	80	105	90	119
131	78	105	78	80	78	80	105	90	119
132	78	105	78	80	78	80	105	90	119
133	78	105	78	80	78	80	105	90	119
134	78	105	78	80	78	80	105	90	119
135	78	105	78	80	78	80	105	90	119
136	78	105	78	80	78	80	105	90	119
137	78	105	78	80	78	80	105	90	119
138	78	105	78	80	78	80	105	90	119
139	78	105	78	80	78	80	105	90	119
140	78	105	78	80	78	80	105	90	119
141	78	105	78	80	78	80	105	90	119
142	78	105	78	80	78	80	105	90	119
143	78	105	78	80	78	80	105	90	119
144	78	105	78	80	78	80	105	90	119
145	78	105	78	80	78	80	105	90	119
146	78	105	78	80	78	80	105	90	119
147	78	105	78	80	78	80	105	90	119
148	78	105	78	80	78	80	105	90	119
149	78	105	78	80	78	80	105	90	119
150	78	105	78	80	78	80	105	90	119
151	78	105	78	80	78	80	105	90	119
152	78	105	78	80	78	80	105	90	119
153	78	105	78	80	78	80	105	90	119
154	78	105	78	80	78	80	105	90	119
155	78	105	78	80	78	80	105	90	119
156	78	105	78	80	78	80	105	90	119
157	78	105	78	80	78	80	105	90	119
158	78	105	78	80	78	80	105	90	119
159	78	105	78	80	78	80	105	90	119
160	78	105	78	80	78	80	105	90	119
161	78	105	78	80	78	80	105	90	119
162	78	105	78	80	78	80	105	90	119
163	78	105	78	80	78	80	105	90	119
164	78	105	78	80	78	80	105	90	119
165	77	104	77	80	77	80	104	89	119
166	77	104	77	80	77	80	104	89	119
167	77	104	77	80	77	80	104	89	119
168	77	104	77	80	77	80	104	89	119
169	77	104	77	80	77	80	104	89	119
170	77	104	77	80	77	80	104	89	119
171	77	104	77	80	77	80	104	89	119
172	77	104	77	80	77	80	104	89	119
173	77	104	77	80	77	80	104	89	119
174	77	104	77	80	77	80	104	89	119
175	77	104	77	80	77	80	104	89	119
176	77	104	77	80	77	80	104	89	119
177	77	104	77	80	77	80	104	89	119
178	77	104	77	80	77	80	104	89	119
179	77	104	77	80	77	80	104	89	119
180	77	104	77	80	77	80	104	89	119
181	77	104	77	80	77	80	104	89	119
182	77	104	77	80	77	80	104	89	119
183	77	104	77	80	77	80	104	89	119
184	77	104	77	80	77	80	104	89	119
185	77	104	77	80	77	80	104	89	119
186	77	104	77	80	77	80	104	89	119
187	77	104	77	80	77	80	104	89	119
188	77	104	77	80	77	80	104	89	119
189	77	104	77	80	77	80	104	89	119
190	77	104	77	80	77	80	104	89	119
191	77	104	77	80	77	80	104	89	119
192	77	104	77	80	77	80	104	89	119
193	77	104	77	80	77	80	104	89	119
194	77	104	77	80	77	80	104	89	119
195	77	104	77	80	77	80	104	89	119
196	77	104	77	80	77	80	104	89	119
197	77	104	77	80	77	80	104	89	119
198	77	104	77	80	77	80	104	89	119
199	77	104	77	80	77	80	104	89	119
200	77	104	77	80	77	80	104	89	119
201	77	104	77	80	77	80	104	89	119
202	77	104	77	80	77	80	104	89	119
203	77	104	77	80	77	80	104	89	119
204	77	104	77	80	77	80	104	89	119
205	77	104	77	80	77	80	104	89	119
206	77	104	77	80	77	80	104	89	119
207	77	104	77	80	77	80	104	89	119
208	77	104	77	80	77	80	104	89	119
209	77	104	77	80	77	80	104	89	119
210	77	104	77	80	77	80	104	89	119
211	77	103	77	80	77	80	103	90	119
212	77	102	77	80	77	80	102	91	119
213	77	103	77	80	77	80	103	90	119
214	77	103	77	80	77	80	103	90	119
215	77	103	77	80	77	80	103	90	119
216	77	103	77	80	77	80	103	90	119
217	77	103	77	80	77	80	103	90	119
218	77	103	77	80	77	80	103	90	119
219	77	103	77	80	77	80	103	90	119
220	77	102	77	80	77	80	102	91	119
221	77	102	77	80	77	80	102	91	119
222	77	102	77	80	77	80	102	91	119
223	77	102	77	80	77	80	102	91	119
224	77	102	77	80	77	80	102	91	119
225	77	102	77	80	77	80	102	91	119
226	77	102	77	80	77	80	102	91	119
227	77	102	77	80	77	80	102	91	119
228	77	102	77	80	77	80	102	91	119
229	77	102	77	80	77	80	102	91	119
230	77	102	77	80	77	80	102	91	119
231	77	102	77	80	77	80	102	91	119
232	77	102	77	80	77	80	102	91	119
233	77	102	77	80	77	80	102	91	119
234	77	102	77	80	77	80	102	91	119
235	77	102	77	80	77	80	102	91	119
236	77	102	77	80	77	80	102	91	119
237	77	102	77	80	77	80	102	91	119
238	77	102	77	80	77	80	102	91	119
239	77	102	77	80	77	80	102	91	119
240	77	102	77	80	77	80	102	91	119
241	77	102	77	80	77	80	102	91	119
242	77	102	77	80	77	80	102	91	119
243	77	102	77	80	77	80	102	91	119
244	77	102	77	80	77	80	102	91	119
245	77	102	77	80	77	80	102	91	119
246	77	102	77	80	77	80	102	91	119
247	77	102	77	80	77	80	102	91	119
248	77	102	77	80	77	80	102	91	119
249	77	102	77	80	77	80	102	91	119
250	77	102	77	80	77	80	102	91	119
251	77	102	77	80	77	80	102	91	119
252	77	102	77	80	77	80	102	91	119
253	77	102	77	80	77	80	102	91	119
254	77	102	77	80	77	80	102	91	119
255	77	102	77	80	77	80	102	91	119
256	77	102	77	80	77	80	102	91	119
257	77	102	77	80	77	80	102	91	119
258	77	102	77	80	77	80	102	91	119
259	77	102	77	80	77	80	102	91	119
260	77	102	77	80	77	80	102	91	119
261	77	102	77	80	77	80	102	91	119
262	77	102	77	80	77	80	102	91	119
263	77	102	77	80	77	80	102	91	119
264	77	102	77	80	77	80	102	91	119
265	77	102	77	80	77	80	102	91	119
266	77	102	77	80	77	80	102	91	119
267	77	102	77	80	77	80	102	91	119
268	77	102	77	80	77	80	102	91	119
269	77	102	77	80	77	80	102	91	119
270	77	102	77	80	77	80	102	91	119
271	77	102	77	80	77	80	102	91	119
272	77	102	77	80	77	80	102	91	119
273	77	102	77	80	77	80	102	91	119
274	77	102	77	80	77	80	102	91	119
275	77	102	77	80	77	80	102	91	119
276	77	102	77	80	77	80	102	91	119
277	77	102	77	80	77	80	102	91	119
278	77	102	77	80	77	80	102	91	119
279	77	102	77	80	77	80	102	91	119
280	77	102	77	80	77	80	102	91	119
281	77	102	77	80	77	80	102	91	119
282	77	102	77	80	77	80	102	91	119
283	77	102	77	80	77	80	102	91	119
284	77	102	77	80	77	80	102	91	119
285	77	102	77	80	77	80	102	91	119
286	77	102	77	80	77	80	102	91	119
287	77	102	77	80	77	80	102	91	119
288	77	102	77	80	77	80	102	91	119
289	77	102	77	80	77	80	102	91	119
290	77	102	77	80	77	80	102	91	119
291	77	102	77	80	77	80	102	91	119
292	77	102	77	80	77	80	102	91	119
293	77	102	77	80	77	80	102	91	119
294	77	102	77	80	77	80	102	91	119
295	77	102	77	80	77	80	102	91	119
296	77	102	77	80	77	80	102	91	119
297	77	102	77	80	77	80	102	91	119
298	77	102	77	80	77	80	102	91	119
299	77	102	77	80	77	80	102	91	119
300	77	102	77	80	77	80	102	91	119
301	77	102	77	80	77	80	102	91	119
302	77	102	77	80	77	80	102	91	119
303	77	102	77	80	77	80	102	91	119
304	77	102	77	80	77	80	102	91	119
305	77	102	77	80	77	80	102	91	119
306	77	102	77	80	77	80	102	91	119
307	77	102	77	80	77	80	102	91	119
308	77	102	77	80	77	80	102	91	119
309	77	102	77	80	77	80	102	91	119
310	77	102	77	80	77	80	102	91	119
311	77	102	77	80	77	80	102	91	119
312	77	102	77	80	77	80	102	91	119
313	77	102	77	80	77	80	102	91	119
314	77	102	77	80	77	80	102	91	119
315	77	102	77	80	77	80	102	91	119
316	77	102	77	80	77	80	102	91	119
317	77	102	77	80	77	80	102	91	119
318	77	102	77	80	77	80	102	91	119
319	77	102	77	80	77	80	102	91	119
320	77	102	77	80	77	80	102	91	119
321	77	102	77	80	77	80	102	91	119
322	77	102	77	80	77	80	102	91	119
323	77	102	77	80	77	80	102	91	119
324	77	102	77	80	77	80	102	91	119
325	77	102	77	80	77	80	102	91	119
326	77	102	77	80	77	80	102	91	119
327	77	102	77	80	77	80	102	91	119
328	77	102	77	80	77	80	102	91	119
329	77	102	77	80	77	80	102	91	119
330	77	102	77	80	77	80	102	91	119
331	77	102	77	80	77	80	102	91	119
332	77	102	77	80	77	80	102	91	119
333	77	102	77	80	77	80	102	91	119
334	77	102	77	80	77	80	102	91	119
335	77	102	77	80	77	80	102	91	119
336	77	102	77	80	77	80	102	91	119
337	77	102	77	80	77	80	102	91	119
338	77	102	77	80	77	80	102	91	119
339	77	102	77	80	77	80	102	91	119
340	77	102	77	80	77	80	102	91	119
341	77	102	77	80	77	80	102	91	119
342	77	102	77	80	77	80	102	91	119
343	77	102	77	80	77	80	102	91	119
344	77	102	77	80	77	80	102	91	119
345	77	102	77	80	77	80	102	91	119
346	77	102	77	80	77	80	102	91	119
347	77	102	77	80	77	80	102	91	119
348	77	102	77	80	77	80	102	91	119
349	77	102	77	80	77	80	102	91	119
350	77	102	77	80	77	80	102	91	119
351	77	102	77	80	77	80	102	91	119
352	77	102	77	80	77	80	102	91	119
353	77	102	77	80	77	80	102	91	119
354	77	102	77	80	77	80	102	91	119
355	76	101	76	80	76	80	101	90	119
356	76	101	76	80	76	80	101	90	119
357	77	102	77	80	77	80	102	91	119
358	77	102	77	80	77	80	102	91	119
359	77	102	77	80	77	80	102	91	119
360	78	103	78	80	78	80	103	92	119
361	78	103	78	80	78	80	103	92	119
362	76	101	76	80	76	80	101	90	119
363	76	101	76	80	76	80	101	90	119
364	76	101	76	80	76	80	101	90	119
365	76	101	76	80	76	80	101	90	119
366	76	101	76	80	76	80	101	90	119
367	76	101	76	80	76	80	101	90	119
368	76	101	76	80	76	80	101	90	119
369	76	101	76	80	76	80	101	90	119
370	76	101	76	80	76	80	101	90	119
371	76	101	76	80	76	80	101	90	119
372	76	101	76	80	76	80	101	90	119
373	76	101	76	80	76	80	101	90	119
374	76	101	76	80	76	80	101	90	119
375	76	101	76	80	76	80	101	90	119
376	76	101	76	80	76	80	101	90	119
377	76	101	76	80	76	80	101	90	119
378	76	101	76	80	76	80	101	90	119
379	76	101	76	80	76	80	101	90	119
380	76	101	76	80	76	80	101	90	119
381	76	101	76	80	76	80	101	90	119
382	76	101	76	80	76	80	101	90	119
383	76	101	76	80	76	80	101	90	119
384	76	101	76	80	76	80	101	90	119
385	76	101	76	80	76	80	101	90	119
386	76	101	76	80	76	80	101	90	119
387	77	102	77	80	77	80	102	91	119
388	77	102	77	80	77	80	102	91	119
389	77	102	77	80	77	80	102	91	119
390	77	102	77	80	77	80	102	91	119
391	78	103	78	80	78	80	103	92	119
392	78	103	78	80	78	80	103	92	119
393	78	103	78	80	78	80	103	92	119
394	77	102	77	80	77	80	102	91	119
395	77	102	77	80	77	80	102	91	119
396	77	102	77	80	77	80	102	91	119
397	77	102	77	80	77	80	102	91	119
398	76	101	76	80	76	80	101	90	119
399	76	101	76	80	76	80	101	90	119
400	77	102	77	80	77	80	102	91	119
401	77	102	77	80	77	80	102	91	119
402	77	102	77	80	77	80	102	91	119
403	77	102	77	80	77	80	102	91	119
404	77	102	77	80	77	80	102	91	119
405	77	102	77	80	77	80	102	91	119
406	77	102	77	80	77	80	102	91	119
407	77	102	77	80	77	80	102	91	119
408	77	102	77	80	77	80	102	91	119
409	77	102	77	80	77	80	102	91	119
410	77	102	77	80	77	80	102	91	119
411	77	101	77	80	77	80	101	92	119
412	77	101	77	80	77	80	101	92	119
413	77	101	77	80	77	80	101	92	119
414	77	101	77	80	77	80	101	92	119
415	77	101	77	80	77	80	101	92	119
416	77	101	77	80	77	80	101	92	119
417	77	103	77	80	77	80	103	90	119
418	77	103	77	80	77	80	103	90	119
419	77	102	77	80	77	80	102	91	119
420	77	101	77	80	77	80	101	92	119
421	77	101	77	80	77	80	101	92	119
422	77	102	77	80	77	80	102	91	119
423	77	102	77	80	77	80	102	91	119
424	77	102	77	80	77	80	102	91	119
425	77	102	77	80	77	80	102	91	119
426	77	103	77	80	77	80	103	90	119
427	77	103	77	80	77	80	103	90	119
428	77	104	77	80	77	80	104	89	119
429	77	104	77	80	77	80	104	89	119
430	77	104	77	80	77	80	104	89	119
431	77	103	77	80	77	80	103	90	119
432	77	103	77	80	77	80	103	90	119
433	77	103	77	80	77	80	103	90	119
434	77	103	77	80	77	80	103	90	119
435	77	102	77	80	77	80	102	91	119
436	77	102	77	80	77	80	102	91	119
437	77	102	77	80	77	80	102	91	119
438	77	102	77	80	77	80	102	91	119
439	77	103	77	80	77	80	103	90	119
440	77	103	77	80	77	80	103	90	119
441	77	103	77	80	77	80	103	90	119
442	77	103	77	80	77	80	103	90	119
443	77	103	77	80	77	80	103	90	119
444	77	103	77	80	77	80	103	90	119
445	77	103	77	80	77	80	103	90	119
446	77	102	77	80	77	80	102	91	119
447	77	102	77	80	77	80	102	91	119
448	77	102	77	80	77	80	102	91	119
449	77	102	77	80	77	80	102	91	119
450	77	102	77	80	77	80	102	91	119
451	77	102	77	80	77	80	102	91	119
452	77	102	77	80	77	80	102	91	119
453	77	102	77	80	77	80	102	91	119
454	77	102	77	80	77	80	102	91	119
455	77	101	77	80	77	80	101	92	119
456	77	101	77	80	77	80	101	92	119
457	77	101	77	80	77	80	101	92	119
458	77	101	77	80	77	80	101	92	119
459	77	101	77	80	77	80	101	92	119
460	77	101	77	80	77	80	101	92	119
461	76	100	76	80	76	80	100	91	119
462	76	100	76	80	76	80	100	91	119
463	76	100	76	80	76	80	100	91	119
464	77	102	77	80	77	80	102	91	119
465	77	102	77	80	77	80	102	91	119
466	77	102	77	80	77	80	102	91	119
467	77	102	77	80	77	80	102	91	119
468	77	102	77	80	77	80	102	91	119
469	77	102	77	80	77	80	102	91	119
470	77	102	77	80	77	80	102	91	119
471	76	101	76	80	76	80	101	90	119
472	76	101	76	80	76	80	101	90	119
473	76	101	76	80	76	80	101	90	119
474	76	101	76	80	76	80	101	90	119
475	76	101	76	80	76	80	101	90	119
476	76	101	76	80	76	80	101	90	119
477	76	101	76	80	76	80	101	90	119
478	76	101	76	80	76	80	101	90	119
479	76	101	76	80	76	80	101	90	119
480	76	101	76	80	76	80	101	90	119
481	76	101	76	80	76	80	101	90	119
482	77	101	77	80	77	80	101	92	119
483	77	101	77	80	77	80	101	92	119
484	77	101	77	80	77	80	101	92	119
485	76	100	76	80	76	80	100	91	119
486	76	101	76	80	76	80	101	90	119
487	76	100	76	80	76	80	100	91	119
488	76	100	76	80	76	80	100	91	119
489	76	101	76	80	76	80	101	90	119
490	76	101	76	80	76	80	101	90	119
491	76	101	76	80	76	80	101	90	119
492	77	102	77	80	77	80	102	91	119
493	77	102	77	80	77	80	102	91	119
494	77	101	77	80	77	80	101	92	119
495	77	101	77	80	77	80	101	92	119
496	77	101	77	80	77	80	101	92	119
497	77	101	77	80	77	80	101	92	119
498	77	101	77	80	77	80	101	92	119
499	76	100	76	80	76	80	100	91	119
500	77	102	77	80	77	80	102	91	119
501	76	100	76	80	76	80	100	91	119
502	76	100	76	80	76	80	100	91	119
503	76	100	76	80	76	80	100	91	119
504	76	100	76	80	76	80	100	91	119
505	76	100	76	80	76	80	100	91	119
506	76	100	76	80	76	80	100	91	119
507	76	101	76	80	76	80	101	90	119
508	76	100	76	80	76	80	100	91	119
509	76	100	76	80	76	80	100	91	119
510	76	100	76	80	76	80	100	91	119
511	76	100	76	80	76	80	100	91	119
512	77	101	77	80	77	80	101	92	119
513	77	101	77	80	77	80	101	92	119
514	77	101	77	80	77	80	101	92	119
515	77	101	77	80	77	80	101	92	119
516	76	100	76	80	76	80	100	91	119
517	76	100	76	80	76	80	100	91	119
518	76	100	76	80	76	80	100	91	119
519	76	100	76	80	76	80	100	91	119
520	76	100	76	80	76	80	100	91	119
521	77	101	77	80	77	80	101	92	119
522	77	101	77	80	77	80	101	92	119
523	76	100	76	80	76	80	100	91	119
524	77	101	77	80	77	80	101	92	119
525	77	101	77	80	77	80	101	92	119
526	77	101	77	80	77	80	101	92	119
527	77	101	77	80	77	80	101	92	119
528	77	101	77	80	77	80	101	92	119
529	77	101	77	80	77	80	101	92	119
530	77	101	77	80	77	80	101	92	119
531	77	101	77	80	77	80	101	92	119
532	77	101	77	80	77	80	101	92	119
533	77	101	77	80	77	80	101	92	119
534	77	101	77	80	77	80	101	92	119
535	77	101	77	80	77	80	101	92	119
536	77	101	77	80	77	80	101	92	119
537	77	101	77	80	77	80	101	92	119
538	77	101	77	80	77	80	101	92	119
539	76	100	76	80	76	80	100	91	119
540	76	100	76	80	76	80	100	91	119
541	76	100	76	80	76	80	100	91	119
542	76	100	76	80	76	80	100	91	119
543	75	99	75	80	75	80	99	90	119
544	75	99	75	80	75	80	99	90	119
545	75	99	75	80	75	80	99	90	119
546	75	99	75	80	75	80	99	90	119
547	75	99	75	80	75	80	99	90	119
548	75	99	75	80	75	80	99	90	119
549	75	99	75	80	75	80	99	90	119
550	75	99	75	80	75	80	99	90	119
551	75	99	75	80	75	80	99	90	119
552	75	99	75	80	75	80	99	90	119
553	75	99	75	80	75	80	99	90	119
554	75	99	75	80	75	80	99	90	119
555	75	99	75	80	75	80	99	90	119
556	75	99	75	80	75	80	99	90	119
557	75	99	75	80	75	80	99	90	119
558	75	99	75	80	75	80	99	90	119
559	75	99	75	80	75	80	99	90	119
560	75	99	75	80	75	80	99	90	119
561	75	99	75	80	75	80	99	90	119
562	75	99	75	80	75	80	99	90	119
563	75	99	75	80	75	80	99	90	119
564	75	99	75	80	75	80	99	90	119
565	75	100	75	80	75	80	100	89	119
566	75	101	75	80	75	80	101	88	119
567	75	101	75	80	75	80	101	88	119
568	75	101	75	80	75	80	101	88	119
569	75	101	75	80	75	80	101	88	119
570	75	101	75	80	75	80	101	88	119
571	75	101	75	80	75	80	101	88	119
572	75	100	75	80	75	80	100	89	119
573	75	100	75	80	75	80	100	89	119
574	75	100	75	80	75	80	100	89	119
575	75	100	75	80	75	80	100	89	119
576	75	100	75	80	75	80	100	89	119
577	75	100	75	80	75	80	100	89	119
578	75	100	75	80	75	80	100	89	119
579	75	100	75	80	75	80	100	89	119
580	75	100	75	80	75	80	100	89	119
581	75	100	75	80	75	80	100	89	119
582	75	100	75	80	75	80	100	89	119
583	75	100	75	80	75	80	100	89	119
584	75	100	75	80	75	80	100	89	119
585	75	100	75	80	75	80	100	89	119
586	75	100	75	80	75	80	100	89	119
587	75	100	75	80	75	80	100	89	119
588	75	100	75	80	75	80	100	89	119
589	75	100	75	80	75	80	100	89	119
590	75	100	75	80	75	80	100	89	119
591	75	100	75	80	75	80	100	89	119
592	75	100	75	80	75	80	100	89	119
593	75	100	75	80	75	80	100	89	119
594	75	100	75	80	75	80	100	89	119
595	75	100	75	80	75	80	100	89	119
596	75	100	75	80	75	80	100	89	119
597	75	100	75	80	75	80	100	89	119
598	75	100	75	80	75	80	100	89	119
599	75	100	75	80	75	80	100	89	119
600	75	100	75	80	75	80	100	89	119
601	75	100	75	80	75	80	100	89	119
602	75	101	75	80	75	80	101	88	119
603	75	101	75	80	75	80	101	88	119
604	75	100	75	80	75	80	100	89	119
605	75	100	75	80	75	80	100	89	119
606	75	100	75	80	75	80	100	89	119
607	75	100	75	80	75	80	100	89	119
608	75	100	75	80	75	80	100	89	119
609	75	100	75	80	75	80	100	89	119
610	75	100	75	80	75	80	100	89	119
611	75	100	75	80	75	80	100	89	119
612	75	100	75	80	75	80	100	89	119
613	75	100	75	80	75	80	100	89	119
614	75	100	75	80	75	80	100	89	119
615	75	100	75	80	75	80	100	89	119
616	75	100	75	80	75	80	100	89	119
617	75	100	75	80	75	80	100	89	119
618	75	100	75	80	75	80	100	89	119
619	75	100	75	80	75	80	100	89	119
620	75	100	75	80	75	80	100	89	119
621	75	100	75	80	75	80	100	89	119
622	75	100	75	80	75	80	100	89	119
623	75	100	75	80	75	80	100	89	119
624	75	100	75	80	75	80	100	89	119
625	75	100	75	80	75	80	100	89	119
626	75	100	75	80	75	80	100	89	119
627	75	100	75	80	75	80	100	89	119
628	75	100	75	80	75	80	100	89	119
629	75	100	75	80	75	80	100	89	119
630	75	100	75	80	75	80	100	89	119
631	75	100	75	80	75	80	100	89	119
632	75	100	75	80	75	80	100	89	119
633	75	100	75	80	75	80	100	89	119
634	75	100	75	80	75	80	100	89	119
635	75	100	75	80	75	80	100	89	119
636	76	101	76	80	76	80	101	90	119
637	75	100	75	80	75	80	100	89	119
638	76	101	76	80	76	80	101	90	119
639	76	101	76	80	76	80	101	90	119
640	76	101	76	80	76	80	101	90	119
641	76	101	76	80	76	80	101	90	119
642	76	101	76	80	76	80	101	90	119
643	76	101	76	80	76	80	101	90	119
644	76	101	76	80	76	80	101	90	119
645	76	101	76	80	76	80	101	90	119
646	76	101	76	80	76	80	101	90	119
647	76	101	76	80	76	80	101	90	119
648	76	101	76	80	76	80	101	90	119
649	76	101	76	80	76	80	101	90	119
650	76	101	76	80	76	80	101	90	119
651	75	100	75	80	75	80	100	89	119
652	75	100	75	80	75	80	100	89	119
653	75	100	75	80	75	80	100	89	119
654	76	101	76	80	76	80	101	90	119
655	76	101	76	80	76	80	101	90	119
656	76	101	76	80	76	80	101	90	119
657	76	101	76	80	76	80	101	90	119
658	76	101	76	80	76	80	101	90	119
659	76	101	76	80	76	80	101	90	119
660	76	101	76	80	76	80	101	90	119
661	76	101	76	80	76	80	101	90	119
662	76	101	76	80	76	80	101	90	119
663	76	101	76	80	76	80	101	90	119
664	76	101	76	80	76	80	101	90	119
665	76	101	76	80	76	80	101	90	119
666	76	101	76	80	76	80	101	90	119
667	76	101	76	80	76	80	101	90	119
668	76	101	76	80	76	80	101	90	119
669	76	101	76	80	76	80	101	90	119
670	76	101	76	80	76	80	101	90	119
671	76	101	76	80	76	80	101	90	119
672	76	101	76	80	76	80	101	90	119
673	76	101	76	80	76	80	101	90	119
674	76	101	76	80	76	80	101	90	119
675	76	101	76	80	76	80	101	90	119
676	76	101	76	80	76	80	101	90	119
677	76	101	76	80	76	80	101	90	119
678	76	101	76	80	76	80	101	90	119
679	76	101	76	80	76	80	101	90	119
680	76	101	76	80	76	80	101	90	119
681	76	101	76	80	76	80	101	90	119
682	76	101	76	80	76	80	101	90	119
683	76	101	76	80	76	80	101	90	119
684	76	101	76	80	76	80	101	90	119
685	76	101	76	80	76	80	101	90	119
686	76	101	76	80	76	80	101	90	119
687	76	101	76	80	76	80	101	90	119
688	76	101	76	80	76	80	101	90	119
689	76	101	76	80	76	80	101	90	119
690	76	101	76	80	76	80	101	90	119
691	76	101	76	80	76	80	101	90	119
692	76	101	76	80	76	80	101	90	119
693	76	101	76	80	76	80	101	90	119
694	76	101	76	80	76	80	101	90	119
695	76	101	76	80	76	80	101	90	119
696	76	101	76	80	76	80	101	90	119
697	76	101	76	80	76	80	101	90	119
698	76	101	76	80	76	80	101	90	119
699	76	101	76	80	76	80	101	90	119
700	76	101	76	80	76	80	101	90	119
701	76	101	76	80	76	80	101	90	119
702	76	101	76	80	76	80	101	90	119
703	76	101	76	80	76	80	101	90	119
704	76	101	76	80	76	80	101	90	119
705	76	101	76	80	76	80	101	90	119
706	76	101	76	80	76	80	101	90	119
707	76	101	76	80	76	80	101	90	119
708	76	101	76	80	76	80	101	90	119
709	76	101	76	80	76	80	101	90	119
710	76	101	76	80	76	80	101	90	119
711	76	101	76	80	76	80	101	90	119
712	76	101	76	80	76	80	101	90	119
713	76	101	76	80	76	80	101	90	119
714	76	101	76	80	76	80	101	90	119
715	76	101	76	80	76	80	101	90	119
716	76	101	76	80	76	80	101	90	119
717	76	101	76	80	76	80	101	90	119
718	76	101	76	80	76	80	101	90	119
719	76	101	76	80	76	80	101	90	119
720	76	101	76	80	76	80	101	90	119
721	76	101	76	80	76	80	101	90	119
722	76	101	76	80	76	80	101	90	119
723	76	101	76	80	76	80	101	90	119
724	76	101	76	80	76	80	101	90	119
725	76	101	76	80	76	80	101	90	119
726	76	101	76	80	76	80	101	90	119
727	76	101	76	80	76	80	101	90	119
728	76	101	76	80	76	80	101	90	119
729	76	101	76	80	76	80	101	90	119
730	76	101	76	80	76	80	101	90	119
731	76	101	76	80	76	80	101	90	119
732	76	101	76	80	76	80	101	90	119
733	76	101	76	80	76	80	101	90	119
734	76	101	76	80	76	80	101	90	119
735	76	101	76	80	76	80	101	90	119
736	76	101	76	80	76	80	101	90	119
737	76	101	76	80	76	80	101	90	119
738	76	101	76	80	76	80	101	90	119
739	76	101	76	80	76	80	101	90	119
740	76	101	76	80	76	80	101	90	119
741	76	101	76	80	76	80	101	90	119
742	76	101	76	80	76	80	101	90	119
743	76	101	76	80	76	80	101	90	119
744	76	101	76	80	76	80	101	90	119
745	76	101	76	80	76	80	101	90	119
746	76	101	76	80	76	80	101	90	119
747	76	101	76	80	76	80	101	90	119
748	76	101	76	80	76	80	101	90	119
749	76	101	76	80	76	80	101	90	119
750	76	101	76	80	76	80	101	90	119
751	76	101	76	80	76	80	101	90	119
752	76	101	76	80	76	80	101	90	119
753	76	101	76	80	76	80	101	90	119
754	76	101	76	80	76	80	101	90	119
755	76	101	76	80	76	80	101	90	119
756	76	101	76	80	76	80	101	90	119
757	76	101	76	80	76	80	101	90	119
758	76	101	76	80	76	80	101	90	119
759	76	101	76	80	76	80	101	90	119
760	76	101	76	80	76	80	101	90	119
761	76	101	76	80	76	80	101	90	119
762	76	101	76	80	76	80	101	90	119
763	76	101	76	80	76	80	101	90	119
764	76	101	76	80	76	80	101	90	119
765	76	101	76	80	76	80	101	90	119
766	76	101	76	80	76	80	101	90	119
767	76	101	76	80	76	80	101	90	119
768	76	101	76	80	76	80	101	90	119
769	76	101	76	80	76	80	101	90	119
770	76	101	76	80	76	80	101	90	119
771	76	101	76	80	76	80	101	90	119
772	76	101	76	80	76	80	101	90	119
773	76	101	76	80	76	80	101	90	119
774	76	101	76	80	76	80	101	90	119
775	76	101	76	80	76	80	101	90	119
776	76	101	76	80	76	80	101	90	119
777	76	101	76	80	76	80	101	90	119
778	76	101	76	80	76	80	101	90	119
779	76	101	76	80	76	80	101	90	119
780	76	101	76	80	76	80	101	90	119
781	76	101	76	80	76	80	101	90	119
782	76	101	76	80	76	80	101	90	119
783	76	101	76	80	76	80	101	90	119
784	76	101	76	80	76	80	101	90	119
785	76	101	76	80	76	80	101	90	119
786	76	101	76	80	76	80	101	90	119
787	76	101	76	80	76	80	101	90	119
788	76	101	76	80	76	80	101	90	119
789	76	101	76	80	76	80	101	90	119
790	76	101	76	80	76	80	101	90	119
791	76	101	76	80	76	80	101	90	119
792	76	101	76	80	76	80	101	90	119
793	76	101	76	80	76	80	101	90	119
794	76	101	76	80	76	80	101	90	119
795	76	101	76	80	76	80	101	90	119
796	76	101	76	80	76	80	101	90	119
797	76	101	76	80	76	80	101	90	119
798	76	101	76	80	76	80	101	90	119
799	76	101	76	80	76	80	101	90	119
800	76	101	76	80	76	80	101	90	119
801	76	101	76	80	76	80	101	90	119
802	76	101	76	80	76	80	101	90	119
803	76	101	76	80	76	80	101	90	119
804	76	101	76	80	76	80	101	90	119
805	76	101	76	80	76	80	101	90	119
806	76	101	76	80	76	80	101	90	119
807	76	101	76	80	76	80	101	90	119
808	76	101	76	80	76	80	101	90	119
809	76	101	76	80	76	80	101	90	119
810	76	101	76	80	76	80	101	90	119
811	76	101	76	80	76	80	101	90	119
812	76	101	76	80	76	80	101	90	119
813	76	101	76	80	76	80	101	90	119
814	76	101	76	80	76	80	101	90	119
815	76	101	76	80	76	80	101	90	119
816	76	101	76	80	76	80	101	90	119
817	76	101	76	80	76	80	101	90	119
818	76	101	76	80	76	80	101	90	119
819	76	101	76	80	76	80	101	90	119
820	76	101	76	80	76	80	101	90	119
821	76	101	76	80	76	80	101	90	119
822	76	101	76	80	76	80	101	90	119
823	76	101	76	80	76	80	101	90	119
824	76	101	76	80	76	80	101	90	119
825	76	101	76	80	76	80	101	90	119
826	76	101	76	80	76	80	101	90	119
827	76	101	76	80	76	80	101	90	119
828	76	101	76	80	76	80	101	90	119
829	76	101	76	80	76	80	101	90	119
830	76	101	76	80	76	80	101	90	119
831	76	101	76	80	76	80	101	90	119
832	76	101	76	80	76	80	101	90	119
833	76	101	76	80	76	80	101	90	119
834	76	101	76	80	76	80	101	90	119
835	76	101	76	80	76	80	101	90	119
836	76	101	76	80	76	80	101	90	119
837	76	101	76	80	76	80	101	90	119
838	76	101	76	80	76	80	101	90	119
839	76	101	76	80	76	80	101	90	119
840	76	101	76	80	76	80	101	90	119
841	76	101	76	80	76	80	101	90	119
842	76	101	76	80	76	80	101	90	119
843	76	101	76	80	76	80	101	90	119
844	76	101	76	80	76	80	101	90	119
845	76	101	76	80	76	80	101	90	119
846	76	101	76	80	76	80	101	90	119
847	76	101	76	80	76	80	101	90	119
848	76	101	76	80	76	80	101	90	119
849	76	101	76	80	76	80	101	90	119
850	76	101	76	80	76	80	101	90	119
851	76	101	76	80	76	80	101	90	119
852	76	101	76	80	76	80	101	90	119
853	76	101	76	80	76	80	101	90	119
854	76	101	76	80	76	80	101	90	119
855	76	101	76	80	76	80	101	90	119
856	76	101	76	80	76	80	101	90	119
857	76	101	76	80	76	80	101	90	119
858	76	101	76	80	76	80	101	90	119
859	76	101	76	80	76	80	101	90	119
860	76	101	76	80	76	80	101	90	119
861	76	101	76	80	76	80	101	90	119
862	76	101	76	80	76	80	101	90	119
863	76	101	76	80	76	80	101	90	119
864	76	101	76	80	76	80	101	90	119
865	76	101	76	80	76	80	101	90	119
866	76	101	76	80	76	80	101	90	119
867	76	101	76	80	76	80	101	90	119
868	76	101	76	80	76	80	101	90	119
869	76	101	76	80	76	80	101	90	119
870	76	101	76	80	76	80	101	90	119
871	76	101	76	80	76	80	101	90	119
872	76	101	76	80	76	80	101	90	119
873	76	101	76	80	76	80	101	90	119
874	76	101	76	80	76	80	101	90	119
875	76	101	76	80	76	80	101	90	119
876	76	101	76	80	76	80	101	90	119
877	76	101	76	80	76	80	101	90	119
878	76	101	76	80	76	80	101	90	119
879	76	101	76	80	76	80	101	90	119
880	76	101	76	80	76	80	101	90	119
881	76	101	76	80	76	80	101	90	119
882	76	101	76	80	76	80	101	90	119
883	76	101	76	80	76	80	101	90	119
884	76	101	76	80	76	80	101	90	119
885	76	101	76	80	76	80	101	90	119
886	76	101	76	80	76	80	101	90	119
887	76	101	76	80	76	80	101	90	119
888	76	101	76	80	76	80	101	90	119
889	76	101	76	80	76	80	101	90	119
890	76	101	76	80	76	80	101	90	119
891	76	101	76	80	76	80	101	90	119
892	76	101	76	80	76	80	101	90	119
893	76	101	76	80	76	80	101	90	119
894	76	101	76	80	76	80	101	90	119
895	76	101	76	80	76	80	101	90	119
896	76	101	76	80	76	80	101	90	119
897	76	101	76	80	76	80	101	90	119
898	76	101	76	80	76	80	101	90	119
899	76	101	76	80	76	80	101	90	119
900	76	101	76	80	76	80	101	90	119
901	76	101	76	80	76	80	101	90	119
902	76	101	76	80	76	80	101	90	119
903	76	101	76	80	76	80	101	90	119
904	76	101	76	80	76	80	101	90	119
905	76	101	76	80	76	80	101	90	119
906	76	101	76	80	76	80	101	90	119
907	76	101	76	80	76	80	101	90	119
908	76	101	76	80	76	80	101	90	119
909	76	101	76	80	76	80	101	90	119
910	76	101	76	80	76	80	101	90	119
911	76	101	76	80	76	80	101	90	119
912	76	101	76	80	76	80	101	90	119
913	76	101	76	80	76	80	101	90	119
914	76	101	76	80	76	80	101	90	119
915	76	101	76	80	76	80	101	90	119
916	76	101	76	80	76	80	101	90	119
917	76	101	76	80	76	80	101	90	119
918	76	101	76	80	76	80	101	90	119
919	76	101	76	80	76	80	101	90	119
920	76	101	76	80	76	80	101	90	119
921	76	101	76	80	76	80	101	90	119
922	76	101	76	80	76	80	101	90	119
923	76	101	76	80	76	80	101	90	119
924	76	101	76	80	76	80	101	90	119
925	76	101	76	80	76	80	101	90	119
926	76	101	76	80	76	80	101	90	119
927	76	101	76	80	76	80	101	90	119
928	76	101	76	80	76	80	101	90	119
929	76	101	76	80	76	80	101	90	119
930	76	101	76	80	76	80	101	90	119
931	76	101	76	80	76	80	101	90	119
932	76	101	76	80	76	80	101	90	119
933	76	101	76	80	76	80	101	90	119
934	76	101	76	80	76	80	101	90	119
935	76	101	76	80	76	80	101	90	119
936	76	101	76	80	76	80	101	90	119
937	76	101	76	80	76	80	101	90	119
938	76	101	76	80	76	80	101	90	119
939	76	101	76	80	76	80	101	90	119
940	76	101	76	80	76	80	101	90	119
941	76	101	76	80	76	80	101	90	119
942	76	101	76	80	76	80	101	90	119
943	76	101	76	80	76	80	101	90	119
944	76	101	76	80	76	80	101	90	119
945	76	101	76	80	76	80	101	90	119
946	76	101	76	80	76	80	101	90	119
947	76	101	76	80	76	80	101	90	119
948	76	101	76	80	76	80	101	90	119
949	76	101	76	80	76	80	101	90	119
950	76	101	76	80	76	80	101	90	119
951	76	101	76	80	76	80	101	90	119
952	76	101	76	80	76	80	101	90	119
953	76	101	76	80	76	80	101	90	119
954	76	101	76	80	76	80	101	90	119
955	76	101	76	80	76	80	101	90	119
956	76	101	76	80	76	80	101	90	119
957	76	101	76	80	76	80	101	90	119
958	76	101	76	80	76	80	101	90	119
959	76	101	76	80	76	80	101	90	119
960	76	101	76	80	76	80	101	90	119
961	76	101	76	80	76	80	101	90	119
962	76	101	76	80	76	80	101	90	119
963	76	101	76	80	76	80	101	90	119
964	76	101	76	80	76	80	101	90	119
965	76	101	76	80	76	80	101	90	119
966	76	101	76	80	76	80	101	90	119
967	76	101	76	80	76	80	101	90	119
968	76	101	76	80	76	80	101	90	119
969	76	101	76	80	76	80	101	90	119
970	76	101	76	80	76	80	101	90	119
971	76	101	76	80	76	80	101	90	119
972	76	101	76	80	76	80	101	90	119
973	76	101	76	80	76	80	101	90	119
974	76	101	76	80	76	80	101	90	119
975	76	101	76	80	76	80	101	90	119
976	76	101	76	80	76	80	101	90	119
977	76	101	76	80	76	80	101	90	119
978	76	101	76	80	76	80	101	90	119
979	76	101	76	80	76	80	101	90	119
980	76	101	76	80	76	80	101	90	119
981	76	101	76	80	76	80	101	90	119
982	76	101	76	80	76	80	101	90	119
983	76	101	76	80	76	80	101	90	119
984	76	101	76	80	76	80	101	90	119
985	76	101	76	80	76	80	101	90	119
986	76	101	76	80	76	80	101	90	119
987	76	101	76	80	76	80	101	90	119
988	76	101	76	80	76	80	101	90	119
989	76	101	76	80	76	80	101	90	119
990	76	101	76	80	76	80	101	90	119
991	76	101	76	80	76	80	101	90	119
992	76	101	76	80	76	80	101	90	119
993	76	101	76	80	76	80	101	90	119
994	76	101	76	80	76	80	101	90	119
995	76	101	76	80	76	80	101	90	119
996	76	101	76	80	76	80	101	90	119
997	76	101	76	80	76	80	101	90	119
998	76	101	76	80	76	80	101	90	119
999	76	101	76	80	76	80	101	90	119
